utc,url,ua,status,bytes,final,file
2026-10-08T14:42:24.075331Z,https://www.pavlaw.com/robots.txt,browser,200,172,https://www.pavlaw.com/robots.txt,robots_txt.html
2026-10-08T14:42:27.533411Z,https://www.pavlaw.com/,browser,200,207574,https://www.pavlaw.com/,home.html
2026-10-08T14:42:30.752058Z,https://www.pavlaw.com/,gptbot,200,207574,https://www.pavlaw.com/,home__gptbot.html
2026-10-08T14:42:33.597003Z,https://www.pavlaw.com/sitemap_index.xml,browser,200,1555,https://www.pavlaw.com/sitemap_index.xml,sitemap_index_xml.html
2026-10-08T14:42:36.431916Z,https://www.pavlaw.com/post-sitemap.xml,browser,200,1404,https://www.pavlaw.com/post-sitemap.xml,post_sitemap_xml.html
2026-10-08T14:42:39.340121Z,https://www.pavlaw.com/page-sitemap.xml,browser,200,12054,https://www.pavlaw.com/page-sitemap.xml,page_sitemap_xml.html
2026-10-08T14:42:42.371944Z,https://www.pavlaw.com/news-sitemap.xml,browser,200,95037,https://www.pavlaw.com/news-sitemap.xml,news_sitemap_xml.html
2026-10-08T14:42:45.228178Z,https://www.pavlaw.com/news_category-sitemap.xml,browser,200,734,https://www.pavlaw.com/news_category-sitemap.xml,news_category_sitemap_xml.html
2026-10-08T14:42:48.064154Z,https://www.pavlaw.com/employees-sitemap.xml,browser,200,13037,https://www.pavlaw.com/employees-sitemap.xml,employees_sitemap_xml.html
2026-10-08T14:42:50.983489Z,https://www.pavlaw.com/publication-sitemap.xml,browser,200,38196,https://www.pavlaw.com/publication-sitemap.xml,publication_sitemap_xml.html
2026-10-08T14:44:46.045076Z,https://www.pavlaw.com/llms.txt,browser,404,80870,https://www.pavlaw.com/llms.txt,llms_txt.html
2026-10-08T14:44:49.163096Z,https://www.pavlaw.com/practice-areas/real-estate-trusts-asset-protection/,browser,200,150370,https://www.pavlaw.com/practice-areas/real-estate-trusts-asset-protection/,practice_areas_real_estate_trusts_asset_protection.html
2026-10-08T14:44:52.272931Z,https://www.pavlaw.com/practice-areas/corporate-commercial-and-ma/,browser,200,163947,https://www.pavlaw.com/practice-areas/corporate-commercial-and-ma/,practice_areas_corporate_commercial_and_ma.html
2026-10-08T14:44:55.440041Z,https://www.pavlaw.com/practice-areas/banking-finance/,browser,200,150913,https://www.pavlaw.com/practice-areas/banking-finance/,practice_areas_banking_finance.html
2026-10-08T14:44:58.549801Z,https://www.pavlaw.com/practice-areas/direct-and-indirect-tax-law/,browser,200,156665,https://www.pavlaw.com/practice-areas/direct-and-indirect-tax-law/,practice_areas_direct_and_indirect_tax_law.html
2026-10-08T14:45:01.911102Z,https://www.pavlaw.com/practice-areas/private-client/,browser,200,120852,https://www.pavlaw.com/practice-areas/private-client/,practice_areas_private_client.html
2026-10-08T14:45:05.196477Z,https://www.pavlaw.com/people/,browser,200,132152,https://www.pavlaw.com/people/,people.html
2026-10-08T14:45:08.368294Z,https://www.pavlaw.com/news-posts/,browser,200,91986,https://www.pavlaw.com/news-posts/,news_posts.html
2026-10-08T14:45:11.596205Z,https://www.pavlaw.com/publication/,browser,200,104445,https://www.pavlaw.com/publication/,publication.html
2026-10-08T14:45:14.730184Z,https://www.pavlaw.com/contact/,browser,200,121172,https://www.pavlaw.com/contact/,contact.html
2026-10-08T14:45:17.957715Z,https://www.pavlaw.com/about-our-cyprus-law-firm/international-recognition/,browser,200,110450,https://www.pavlaw.com/about-our-cyprus-law-firm/international-recognition/,about_our_cyprus_law_firm_international_recognition.html
2026-10-08T14:45:21.044699Z,https://www.pavlaw.com/associated-services/,browser,200,95064,https://www.pavlaw.com/associated-services/,associated_services.html
2026-10-08T14:46:32.888819Z,https://www.pavlaw.com/team/stylianos-trillides/,browser,200,138329,https://www.pavlaw.com/team/stylianos-trillides/,team_stylianos_trillides.html
