dominio,file,parole_body,parole_contenuto
connorlegalllc.com,about_us.html,1647,456
connorlegalllc.com,about_us_how_we_charge.html,1632,445
connorlegalllc.com,contact.html,1324,227
connorlegalllc.com,cyprus_law_publications.html,1889,702
connorlegalllc.com,de_practice_areas_cyprus_banking_finance.html,1686,1623
connorlegalllc.com,home.html,1793,600
connorlegalllc.com,news.html,1695,508
connorlegalllc.com,practice_areas_cyprus_banking_finance.html,1738,544
connorlegalllc.com,practice_areas_cyprus_commercial_corporate_ma.html,1768,576
connorlegalllc.com,practice_areas_cyprus_immigration.html,1582,389
connorlegalllc.com,practice_areas_cyprus_real_estate_construction.html,1744,548
connorlegalllc.com,practice_areas_cyprus_tax_cyprus_lawyers.html,1646,453
connorlegalllc.com,ru_practice_areas_cyprus_banking_finance.html,1671,1658
demetriadeslaw.com,andreas_demetriades.html,485,107
demetriadeslaw.com,banking_finance_law.html,701,320
demetriadeslaw.com,commercial_corporate.html,638,257
demetriadeslaw.com,contact_us.html,599,216
demetriadeslaw.com,cyprus_immigration_lawyers.html,893,507
demetriadeslaw.com,de_Bank_und_Finanzrecht.html,638,605
demetriadeslaw.com,home.html,1318,935
demetriadeslaw.com,how_to_get_non_dom_status_in_cyprus.html,1472,1084
demetriadeslaw.com,insights.html,1057,682
demetriadeslaw.com,our_people.html,567,192
demetriadeslaw.com,practice_areas.html,1488,1079
demetriadeslaw.com,real_estate_investments.html,1515,1137
gk-lawfirm.com,contact_us.html,1223,955
gk-lawfirm.com,gr.html,1996,1972
gk-lawfirm.com,home.html,2643,2401
gk-lawfirm.com,people.html,408,174
gk-lawfirm.com,people_george_konstantinou.html,934,695
gk-lawfirm.com,practice_areas.html,720,483
gk-lawfirm.com,practice_areas_cyprus_companies_law.html,2144,1902
gk-lawfirm.com,practice_areas_cyprus_property_real_estate_lawyers_in_limassol.html,2970,2730
gk-lawfirm.com,practice_areas_cyprus_tax.html,1008,764
gk-lawfirm.com,practice_areas_immigration_law.html,3123,2864
gk-lawfirm.com,publications.html,1230,973
gk-lawfirm.com,publications_cyprus_tax_system.html,3469,3221
gk-lawfirm.com,publications_how_to_open_cyprus_bank_account.html,4148,3905
gk-lawfirm.com,ru_praktiki_nalogi_na_kipre.html,1132,1110
kyprianou.com,about.html,950,773
kyprianou.com,category_news.html,1512,1189
kyprianou.com,contact_us.html,843,633
kyprianou.com,de_expertises_bank_und_finanzrecht_zypern.html,1616,1527
kyprianou.com,expertise_listing.html,243,66
kyprianou.com,expertises_banking_and_finance_cyprus.html,1676,1414
kyprianou.com,expertises_corporate_and_commercial_cyprus.html,2373,2071
kyprianou.com,expertises_immovable_property_law_cyprus.html,1566,1283
kyprianou.com,expertises_international_tax_planning_cyprus.html,1099,879
kyprianou.com,home.html,1227,986
kyprianou.com,people.html,945,768
kyprianou.com,ru.html,1213,1163
neo.law,about.html,567,388
neo.law,contact.html,355,150
neo.law,expertise_banking_and_finance.html,740,545
neo.law,expertise_corporate_and_commercial.html,719,524
neo.law,expertise_immigration_law.html,654,459
neo.law,expertise_real_estate.html,550,349
neo.law,expertise_tax_law_tax_planning_and_advanced_business_structuring.html,1201,1004
neo.law,home.html,1167,968
neo.law,news.html,863,678
neo.law,people.html,290,107
neo.law,people_alexandros_neofytou.html,478,283
neo.law,publications.html,1175,993
neo.law,rankings.html,615,432
pavlaw.com,about_our_cyprus_law_firm_international_recognition.html,640,458
pavlaw.com,associated_services.html,572,394
pavlaw.com,contact.html,286,109
pavlaw.com,home.html,690,513
pavlaw.com,news_posts.html,305,127
pavlaw.com,people.html,617,441
pavlaw.com,practice_areas_banking_finance.html,1083,869
pavlaw.com,practice_areas_corporate_commercial_and_ma.html,1209,993
pavlaw.com,practice_areas_direct_and_indirect_tax_law.html,1681,1461
pavlaw.com,practice_areas_private_client.html,612,400
pavlaw.com,practice_areas_real_estate_trusts_asset_protection.html,1447,1227
pavlaw.com,publication.html,557,338
pavlaw.com,team_stylianos_trillides.html,790,534
philippoulaw.com,about_us.html,1293,577
philippoulaw.com,about_us_polycarpos_philippou.html,843,131
philippoulaw.com,articles.html,1783,1063
philippoulaw.com,articles_moving_to_cyprus_from_the_uk_the_ultimate_guide.html,3704,2979
philippoulaw.com,contact_us.html,1041,330
philippoulaw.com,de_service_cyprus_permanent_residence_by_investment.html,3339,3211
philippoulaw.com,editorial_policy.html,1012,322
philippoulaw.com,home.html,2308,1564
philippoulaw.com,lawyer_in_larnaca.html,1716,984
philippoulaw.com,partners.html,1611,914
philippoulaw.com,ru_service_immigration.html,4017,3885
philippoulaw.com,service_corporate.html,2198,1465
philippoulaw.com,service_corporate_bank_account.html,2976,2247
philippoulaw.com,service_immigration.html,4092,3355
philippoulaw.com,service_real_estate_and_property_in_cyprus.html,2164,1429
philippoulaw.com,service_tax_services_for_individuals_in_cyprus.html,3106,2376
