fonte,studio,url,titolo,file_serper
cy.linkedin.com,Chrysostomides,https://cy.linkedin.com/in/chrysodekatris,Chryso Dekatris - Co Managing Partner at Dr. K. ...,chrysostomides_cy.json
lawyersincyprus.com,Chrysostomides,https://www.lawyersincyprus.com/lawyer/dr-k-chrysostomides-co-llc/,Dr. K. Chrysostomides & Co LLC,chrysostomides_cy.json
chrysostomides.mystrikingly.com,Chrysostomides,https://chrysostomides.mystrikingly.com/,Chrysostomides | Advocates & Legal Consultants on Strikingly,chrysostomides_cy.json
internationaltaxreview.com,Chrysostomides,https://www.internationaltaxreview.com/itrworldtax/firms/chrysostomides-advocates-legal-consultants-cyprus,Chrysostomides Advocates & Legal Consultants: Cyprus,chrysostomides_cy.json
cypruslaw.com,Chrysostomides,https://www.cypruslaw.com/chrysostomides-co-llc,Chrysostomides & Co LLC - Cyprus Law,chrysostomides_cy.json
occrp.org,Chrysostomides,https://www.occrp.org/en/investigation/the-curious-case-of-dr-k-and-mr-chrysostomides,The Curious Case of Dr. K and Mr. Chrysostomides,chrysostomides_cy.json
lawcrossing.com,Chrysostomides,https://www.lawcrossing.com/lawfirmprofile/erljvl/dr-k-chrysostomides-and-co-llc/,Dr. K. Chrysostomides & Co LLC Law Firm Profile,chrysostomides_cy.json
ergodotisi.com,Chrysostomides,https://ergodotisi.com/en-CY/companies/dr-k-chrysostomides-co-llc-72471910/about,About Dr. K. Chrysostomides & Co LLC,chrysostomides_cy.json
facebook.com,Connor,https://www.facebook.com/connorlegalllc/,Connor Legal | Nicosia,connor_cy.json
connorlegal.com.au,Connor,https://connorlegal.com.au/,Connor Legal,connor_cy.json
cyprusbarassociation.org,Connor,https://www.cyprusbarassociation.org/index.php/el/news/job-opportunities1/49221-trainee-lawyers-connor-legal-n-connor-llc-nicosia,TRAINEE LAWYERS – CONNOR LEGAL (N. ...,connor_cy.json
lawzana.com,Connor,https://lawzana.com/lawyer/n-connor-llc/nicosia-nicosia,"N. Connor LLC - Legal services in Nicosia, Cyprus",connor_cy.json
lawyersincyprus.com,Connor,https://www.lawyersincyprus.com/lawyer/connor-legal/,Connor Legal,connor_cy.json
cypruslaw.com,Connor,https://www.cypruslaw.com/connor-legal,Connor Legal - Cyprus Law,connor_cy.json
legal500.com,Demetriades,https://www.legal500.com/firms/18557-andreas-demetriades-co-llc/c-cyprus/lawyers/1826305-andreas-demetriades,"Andreas Demetriades & Co LLC, Cyprus",demetriades_cy.json
facebook.com,Demetriades,https://www.facebook.com/demetriadeslaw/,ANDREAS DEMETRIADES & CO LLC Advocates & Legal ...,demetriades_cy.json
iclg.com,Demetriades,https://iclg.com/firms/andreas-demetriades-co-llc/,Andreas Demetriades & Co LLC,demetriades_cy.json
irglobal.com,Demetriades,https://irglobal.com/advisor/demetris-demetriades/,Demetris Demetriades,demetriades_cy.json
israel.imhbusiness.com,Demetriades,https://israel.imhbusiness.com/2025/logo/andreas-demetriades-co-llc/,Andreas Demetriades & Co LLC,demetriades_cy.json
cy.linkedin.com,Demetriades,https://cy.linkedin.com/company/andreas-demetriades-co-llc,Andreas Demetriades & Co LLC,demetriades_cy.json
legalhelpcy.com,Kalopetrides,https://legalhelpcy.com/profile/kalopetrides-llc,"KALOPETRIDES LLC | Banking and Finance Law,Corporate Law ...",kalopetrides_fonti.json
lawzana.com,Kalopetrides,https://lawzana.com/lawyer/savvas-kalopetrides-llc,"SAVVAS KALOPETRIDES LLC - Legal services, offices ...",kalopetrides_fonti.json
lawzana.com,Kalopetrides,https://lawzana.com/lawyer/savvas-kalopetrides-llc/larnaca,SAVVAS KALOPETRIDES LLC - Legal services in Larnaca ...,kalopetrides_fonti.json
legalhelpcy.com,Kalopetrides,https://legalhelpcy.com/search,Find a lawyer or law firm in Cyprus | LegalHelpCY,kalopetrides_fonti.json
lawzana.com,Kalopetrides,https://lawzana.com/acquisition-leveraged-finance-lawyers/larnaca,Best Acquisition / Leveraged Finance Lawyers in Larnaca,kalopetrides_fonti.json
lawzana.com,Kalopetrides,https://lawzana.com/immigration-lawyers/cyprus?page=9,The 10 best Immigration Lawyers in Cyprus (2026) | Page 9,kalopetrides_fonti.json
lawzana.com,Kalopetrides,https://lawzana.com/golden-visa-lawyers/cyprus?page=10,The 10 best Golden Visa Lawyers in Cyprus (2026) | Page 10,kalopetrides_fonti.json
lawzana.com,Kalopetrides,https://lawzana.com/aviation-lawyers/cyprus?page=2,Best Aviation Law Firms in Cyprus (2026) | Page 2,kalopetrides_fonti.json
israel-cyprus.co.il,Kalopetrides,https://israel-cyprus.co.il/members/kalopetrides/kalopetrides-law-2/,kalopetrides law,kalopetrideslaw_cy.json
instagram.com,Kalopetrides,https://www.instagram.com/kalopetrideslaw/,Savvas Kalopetrides LLC (@kalopetrideslaw) · Larnaca,kalopetrideslaw_cy.json
cyprusprocurement.com,Kalopetrides,https://www.cyprusprocurement.com/profile/savvas-kalopetrides-llc,SAVVAS KALOPETRIDES LLC,kalopetrideslaw_cy.json
lumetri-media.com,Kalopetrides,https://lumetri-media.com/blog/performance-marketing-cyprus-three-real-workflows,Performance Marketing Workflows for Cyprus Brands,kalopetrideslaw_cy.json
lumetri-media.com,Kalopetrides,https://lumetri-media.com/recent-work?lang=en,Portfolio,kalopetrideslaw_cy.json
lumetri-media.com,Kalopetrides,https://lumetri-media.com/portfolio?lang=en,Case Studies & Recent Projects,kalopetrideslaw_cy.json
lumetri-media.com,Kalopetrides,https://lumetri-media.com/portfolio/pescobar-vienna?lang=en,Pescobar Vienna — Case Study,kalopetrideslaw_cy.json
facebook.com,Konstantinou/GK,https://www.facebook.com/GeorgeKKonstantinouLawFirm/,George K. Konstantinou Law Firm | Limassol,konstantinou_cy.json
cy.linkedin.com,Konstantinou/GK,https://cy.linkedin.com/company/george-k-konstantinou-llc,George K. Konstantinou Law Firm,konstantinou_cy.json
legal500.com,Konstantinou/GK,https://www.legal500.com/firms/234235-george-k-konstantinou-law-firm/c-cyprus/lawyers/1086745-george-konstantinou,"GEORGE K. KONSTANTINOU LAW FIRM, Cyprus",konstantinou_cy.json
cy.usembassy.gov,Konstantinou/GK,https://cy.usembassy.gov/george-k-konstantinou-law-firm/,George K. Konstantinou Law Firm - U.S. Embassy in Cyprus,konstantinou_cy.json
lawyersincyprus.com,Konstantinou/GK,https://www.lawyersincyprus.com/lawyer/george-k-konstantinou-law-firm/,George K. Konstantinou Law Firm,konstantinou_cy.json
ergodotisi.com,Konstantinou/GK,https://ergodotisi.com/en-CY/companies/george-k-konstantinou-law-firm-72600384/about,About George K. Konstantinou Law Firm,konstantinou_cy.json
cyhrma.org,Konstantinou/GK,https://www.cyhrma.org/portfolio/george-k-konstantinou-law-firm/,GEORGE K. KONSTANTINOU LAW FIRM,konstantinou_cy.json
jccsmart.com,Konstantinou/GK,https://www.jccsmart.com/businesses/41966029,George K.Konstantinou Law Firm,konstantinou_cy.json
cy.linkedin.com,Kyprianou,https://cy.linkedin.com/company/m-kyprianou-llc,Michael Kyprianou Law Firm,kyprianou_cy.json
chambers.com,Kyprianou,https://chambers.com/law-firm/michael-kyprianou-co-llc-europe-7:246867,"Michael Kyprianou & Co. LLC, Europe 2026",kyprianou_cy.json
legal500.com,Kyprianou,https://www.legal500.com/firms/13773-michael-kyprianou-co-llc/c-cyprus/about,Michael Kyprianou & Co. LLC > Cyprus,kyprianou_cy.json
facebook.com,Kyprianou,https://www.facebook.com/MiKyprianou/,Michael Kyprianou Law Firm | Nicosia,kyprianou_cy.json
cy.usembassy.gov,Kyprianou,https://cy.usembassy.gov/michael-kyprianou-co-llc/,Michael Kyprianou & Co LLC - U.S. Embassy in Cyprus,kyprianou_cy.json
shiparrested.com,Kyprianou,https://shiparrested.com/laws/michael-kyprianou-advocates-consultants/,Michael Kyprianou Advocates and Legal Consultants,kyprianou_cy.json
cy.linkedin.com,Neocleous,https://cy.linkedin.com/in/elias-neocleous-58693166,Managing Partner at Elias Neocleous & Co LLC,neocleous_cy.json
chambers.com,Neocleous,https://chambers.com/department/elias-neocleous-co-llc-general-business-law-global-2:852:68:1:3605,General Business Law | Elias Neocleous & Co LLC,neocleous_cy.json
facebook.com,Neocleous,https://www.facebook.com/elias.neocleous.and.co.llc/,Elias Neocleous & Co LLC | Limassol,neocleous_cy.json
en.wikipedia.org,Neocleous,https://en.wikipedia.org/wiki/Elias_Neocleous,Elias Neocleous,neocleous_cy.json
neocleous.com,Neocleous,https://www.neocleous.com/en,"Andreas Neocleous & Co LLC - Cyprus Lawyers, Cyprus Law ...",neocleous_cy.json
internationaltaxreview.com,Neocleous,https://www.internationaltaxreview.com/itrworldtax/firms/elias-neocleous-co-cyprus,Elias Neocleous & Co: Cyprus,neocleous_cy.json
cy.linkedin.com,Patrikios,https://cy.linkedin.com/company/patrikioslegal,Patrikios Legal,patrikios_cy.json
legal500.com,Patrikios,https://www.legal500.com/firms/11269-patrikios-legal/c-cyprus/lawyers,Patrikios Legal > Cyprus | Legal 500 law firm profiles,patrikios_cy.json
iflr.com,Patrikios,https://www.iflr.com/iflr1000/firms/patrikios-pavlou-associates-cyprus,Patrikios Pavlou & Associates: Cyprus,patrikios_cy.json
chambers.com,Patrikios,https://chambers.com/law-firm/patrikios-legal-europe-7:138582,"Patrikios Legal, Europe 2026",patrikios_cy.json
cyprusbarassociation.org,Patrikios,https://www.cyprusbarassociation.org/index.php/en/news/job-opportunities1/51128-patrikios-legal-lawyer-position,Patrikios Legal Lawyer Position,patrikios_cy.json
uk.practicallaw.thomsonreuters.com,Patrikios,https://uk.practicallaw.thomsonreuters.com/Browse/Home/PracticalLawGlobal/About/Contributor/PatrikiosLegal?transitionType=Default&contextData=(sc.Default)&navId=A9400DEE8FDCE892FE51744B1EC9A6B6,Patrikios Legal | Practical Law - Thomson Reuters,patrikios_cy.json
cyprusprofile.com,Patrikios,https://www.cyprusprofile.com/companies/patrikios-pavlou-associates-llc1,Patrikios Pavlou & Associates LLC,patrikios_cy.json
laworld.com,Patrikios,https://laworld.com/member_firms/patrikios-legal/,Patrikios Legal,patrikios_cy.json
chambers.com,Chrysostomides,https://chambers.com/law-firm/chrysostomides-advocates-legal-consultants-europe-7:103311,Chrysostomides Advocates & Legal Consultants,pf_chrysostomides.json
chambers.com,Chrysostomides,https://chambers.com/department/chrysostomides-advocates-legal-consultants-general-business-law-europe-7:852:68:1:103311,General Business Law | Chrysostomides Advocates & ...,pf_chrysostomides.json
chambers.com,Chrysostomides,https://chambers.com/department/chrysostomides-advocates-legal-consultants-private-wealth-law-high-net-worth-21:2633:68:1:103311,Private Wealth Law | Chrysostomides Advocates & Legal ...,pf_chrysostomides.json
legal500.com,Chrysostomides,https://www.legal500.com/firms/10318-chrysostomides-advocates-legal-consultants/global/contact,Chrysostomides Advocates & Legal Consultants > Global,pf_chrysostomides.json
cy.usembassy.gov,Chrysostomides,https://cy.usembassy.gov/chrysostomides-advocates-legal-consultants/,Chrysostomides Advocates & Legal Consultants,pf_chrysostomides.json
legal500.com,Chrysostomides,https://www.legal500.com/rankings/ranking/c-cyprus/dispute-resolution/10318-chrysostomides-advocates-legal-consultants,Chrysostomides Advocates & Legal Consultants - Cyprus,pf_chrysostomides.json
legal500.com,Chrysostomides,https://www.legal500.com/firms/10318-chrysostomides-advocates-legal-consultants/global/about,Chrysostomides Advocates & Legal Consultants > Global,pf_chrysostomides.json
legal500.com,Chrysostomides,https://www.legal500.com/firms/10318-chrysostomides-advocates-legal-consultants/c-cyprus/rankings,Chrysostomides Advocates & Legal Consultants > Cyprus,pf_chrysostomides.json
mondaq.com,Chrysostomides,https://www.mondaq.com/company/28072/chrysostomides-advocates-legal-consultants,Chrysostomides Advocates & Legal Consultants Mondaq Profile,pf_chrysostomides.json
lawzana.com,Connor,https://lawzana.com/lawyer/n-connor-llc,"N. Connor LLC - Legal services, offices and more",pf_connor.json
lawzana.com,Connor,https://lawzana.com/lawyer/n-connor-llc/review,Write a Review for N. Connor LLC,pf_connor.json
cy.usembassy.gov,Connor,https://cy.usembassy.gov/nicolas-connor-georgiades-llc/,N. Connor LLC - U.S. Embassy in Cyprus,pf_connor.json
lawzana.com,Connor,https://lawzana.com/lawyer/n-connor-llc/nicosia-nicosia/nicolas-connor-georgiades-27073,Nicolas Connor Georgiades - Managing Partner at N. ...,pf_connor.json
lawzana.com,Connor,https://lawzana.com/business-lawyers/cyprus?page=6,The 10 best Business Lawyers in Cyprus (2026) | Page 6,pf_connor.json
legal500.com,Demetriades,https://www.legal500.com/firms/18557-andreas-demetriades-co-llc/global/about,Andreas Demetriades & Co LLC > Global,pf_demetriades.json
legal500.com,Demetriades,https://www.legal500.com/rankings/ranking/c-cyprus/real-estate-and-construction/18557-andreas-demetriades-co-llc,Andreas Demetriades & Co LLC,pf_demetriades.json
legal500.com,Demetriades,https://www.legal500.com/firms/18557-andreas-demetriades-co-llc/c-cyprus/contact,Andreas Demetriades & Co LLC > Cyprus,pf_demetriades.json
legal500.com,Demetriades,https://www.legal500.com/firms/18557-andreas-demetriades-co-llc/global/lawyers,Andreas Demetriades & Co LLC > Global,pf_demetriades.json
cyprusbarassociation.org,Demetriades,https://www.cyprusbarassociation.org/index.php/en/news/job-opportunities1/43453-andreas-demetriades-co-llc-trainee-lawyers,Andreas Demetriades & Co LLC - Trainee Lawyers,pf_demetriades.json
legal500.com,Demetriades,https://www.legal500.com/firms/18557-andreas-demetriades-co-llc/global/comparative-guides,Andreas Demetriades & Co LLC > Global,pf_demetriades.json
cypruslaw.com,Demetriades,https://www.cypruslaw.com/andreas-demetriades-co-llc,Andreas Demetriades & Co LLC - Cyprus Law,pf_demetriades.json
legal500.com,Demetriades,https://www.legal500.com/firms/18557-andreas-demetriades-co-llc/global/contact,Andreas Demetriades & Co LLC > Global,pf_demetriades.json
legal500.com,Demetriades,https://www.legal500.com/firms/18557-andreas-demetriades-co-llc/c-cyprus/lawyers/-demetris-demetriades,"Andreas Demetriades & Co LLC, Cyprus",pf_demetriades.json
legal500.com,Konstantinou/GK,https://www.legal500.com/firms/234235-george-k-konstantinou-law-firm/global/about,GEORGE K. KONSTANTINOU LAW FIRM > Global,pf_gk.json
legal500.com,Konstantinou/GK,https://www.legal500.com/firms/234235-george-k-konstantinou-law-firm/global/lawyers,GEORGE K. KONSTANTINOU LAW FIRM > Global,pf_gk.json
legal500.com,Konstantinou/GK,https://www.legal500.com/firms/234235-george-k-konstantinou-law-firm/c-cyprus/rankings,GEORGE K. KONSTANTINOU LAW FIRM > Cyprus,pf_gk.json
legal500.com,Konstantinou/GK,https://www.legal500.com/firms/234235-george-k-konstantinou-law-firm/global/comparative-guides,GEORGE K. KONSTANTINOU LAW FIRM > Global,pf_gk.json
legal500.com,Konstantinou/GK,https://www.legal500.com/firms/234235-george-k-konstantinou-law-firm/global/contact,GEORGE K. KONSTANTINOU LAW FIRM > Global,pf_gk.json
cypruslaw.com,Konstantinou/GK,https://www.cypruslaw.com/george-k-konstantinou-law,George K. Konstantinou Law,pf_gk.json
legal500.com,Konstantinou/GK,https://www.legal500.com/firms/234235-george-k-konstantinou-law-firm/c-cyprus/lawyers/1086757-stalo-konstantinou,"GEORGE K. KONSTANTINOU LAW FIRM, Cyprus",pf_gk.json
iflr.com,Kyprianou,https://www.iflr.com/iflr1000/firms/michael-kyprianou-law-firm-cyprus,Michael Kyprianou Law Firm: Cyprus,pf_kyprianou.json
legal500.com,Kyprianou,https://www.legal500.com/firms/13773-michael-kyprianou-co-llc/c-cyprus/interview-with/ioanna-solomou-partner,Michael Kyprianou & Co. LLC > Cyprus,pf_kyprianou.json
legal500.com,Kyprianou,https://www.legal500.com/firms/13773-michael-kyprianou-co-llc/c-cyprus/rankings,Michael Kyprianou & Co. LLC > Cyprus,pf_kyprianou.json
legal500.com,Kyprianou,https://www.legal500.com/firms/13773-michael-kyprianou-co-llc/global/contact,Michael Kyprianou & Co. LLC > Global,pf_kyprianou.json
legal500.com,Kyprianou,https://www.legal500.com/rankings/ranking/c-cyprus/employment/13773-michael-kyprianou-co-llc,Michael Kyprianou & Co. LLC > Employment > Cyprus,pf_kyprianou.json
legal500.com,Kyprianou,https://www.legal500.com/firms/13773-michael-kyprianou-co-llc/c-cyprus/interview-with,Michael Kyprianou & Co. LLC > Cyprus,pf_kyprianou.json
legal500.com,Kyprianou,https://www.legal500.com/rankings/ranking/c-cyprus/intellectual-property/13773-michael-kyprianou-co-llc,Michael Kyprianou & Co. LLC - Intellectual property,pf_kyprianou.json
chambers.com,Kyprianou,https://chambers.com/law-firm/michael-kyprianou-co-llc-high-net-worth-21:246867,"Michael Kyprianou & Co. LLC, High Net Worth 2026",pf_kyprianou.json
chambers.com,Neocleous,https://chambers.com/law-firm/elias-neocleous-co-llc-europe-7:3605,"Elias Neocleous & Co LLC, Europe 2026",pf_neocleous.json
cy.usembassy.gov,Neocleous,https://cy.usembassy.gov/elias-neocleous-co-llc/,Elias Neocleous & Co. LLC - U.S. Embassy in Cyprus,pf_neocleous.json
legal500.com,Neocleous,https://www.legal500.com/firms/18238-elias-neocleous-co-llc/c-cyprus/interview-with/elias-neocleous-managing-partner,Elias Neocleous & Co LLC > Cyprus,pf_neocleous.json
iflr.com,Neocleous,https://www.iflr.com/iflr1000/practitioners/elias-neocleous,Elias Neocleous,pf_neocleous.json
legal500.com,Neocleous,https://www.legal500.com/firms/18238-elias-neocleous-co-llc/global/teams/9511230559,Elias Neocleous & Co LLC > Global,pf_neocleous.json
legal500.com,Neocleous,https://www.legal500.com/firms/18238-elias-neocleous-co-llc/global/contact,Elias Neocleous & Co LLC > Global,pf_neocleous.json
chambers.com,Neocleous,https://chambers.com/lawyer/elias-neocleous-high-net-worth-21:31143,"Elias Neocleous, High Net Worth",pf_neocleous.json
legal500.com,Neocleous,https://www.legal500.com/rankings/ranking/c-cyprus/intellectual-property/18238-elias-neocleous-co-llc,Elias Neocleous & Co LLC > Intellectual property > Cyprus,pf_neocleous.json
lexology.com,Neocleous,https://www.lexology.com/contributors/elias-neocleous-and-co-llc,Elias Neocleous & Co LLC,pf_neocleous.json
legal500.com,Patrikios,https://www.legal500.com/firms/11269-patrikios-legal/global/about,Patrikios Legal > Global | Legal 500 law firm profiles | About,pf_patrikios.json
chambers.com,Patrikios,https://chambers.com/law-firm/patrikios-legal-high-net-worth-21:138582,"Patrikios Legal, High Net Worth 2026",pf_patrikios.json
mondaq.com,Patrikios,https://www.mondaq.com/company/23292/patrikios-legal,Patrikios Legal Mondaq Profile,pf_patrikios.json
legal500.com,Patrikios,https://www.legal500.com/firms/11269-patrikios-legal/c-cyprus/lawyers/713317-stella-strati,Stella Strati > Patrikios Legal > Cyprus | Lawyer profiles,pf_patrikios.json
legal500.com,Patrikios,https://www.legal500.com/firms/11269-patrikios-legal/c-cyprus/interview-with/stavros-pavlou-senior-and-managing-partner,Patrikios Legal > Cyprus | Legal 500 law firm profiles,pf_patrikios.json
legal500.com,Patrikios,https://www.legal500.com/rankings/ranking/c-cyprus/banking-and-finance/11269-patrikios-legal,Patrikios Legal - Banking and finance,pf_patrikios.json
legal500.com,Patrikios,https://www.legal500.com/firms/11269-patrikios-legal/global/contact,Patrikios Legal > Global | Legal 500 law firm profiles | Contact,pf_patrikios.json
cypruslaw.com,Patrikios,https://www.cypruslaw.com/patrikios-legal,Patrikios Legal - Cyprus Law,pf_patrikios.json
legal500.com,Philippou,https://www.legal500.com/firms/17328-philippou-law-firm/global/about,Philippou Law Firm > Global,pf_philippou.json
lawyersincyprus.com,Philippou,https://www.lawyersincyprus.com/lawyer/philippou-law-firm/,Philippou Law Firm,pf_philippou.json
mondaq.com,Philippou,https://www.mondaq.com/company/34336/philippou-law-firm,Philippou Law Firm Mondaq Profile,pf_philippou.json
legal500.com,Philippou,https://www.legal500.com/firms/17328-philippou-law-firm/c-cyprus/about,Philippou Law Firm > Cyprus,pf_philippou.json
legal500.com,Philippou,https://www.legal500.com/firms/17328-philippou-law-firm/c-cyprus/thought-leadership,Philippou Law Firm > Cyprus,pf_philippou.json
legal500.com,Philippou,https://www.legal500.com/firms/17328-philippou-law-firm/global/contact,Philippou Law Firm > Global,pf_philippou.json
legal500.com,Philippou,https://www.legal500.com/firms/17328-philippou-law-firm/c-cyprus/lawyers/polycarpos-philippou,"Philippou Law Firm, Cyprus",pf_philippou.json
legal500.com,Philippou,https://www.legal500.com/firms/17328-philippou-law-firm/global/rankings,Philippou Law Firm > Global,pf_philippou.json
lawzana.com,Philippou,https://lawzana.com/lawyer/philippou-law-firm,"Philippou Law Firm - Legal services, offices and more",pf_philippou.json
legal500.com,Philippou,https://www.legal500.com/firms/17328-philippou-law-firm/c-cyprus/contact,Philippou Law Firm > Cyprus,pf_philippou.json
cy.linkedin.com,Philippou,https://cy.linkedin.com/company/philippoulaw,Philippou Law Firm,philippou_cy.json
facebook.com,Philippou,https://www.facebook.com/philippoulaw/,Philippou Law Firm | Paphos,philippou_cy.json
ergodotisi.com,Philippou,https://ergodotisi.com/en-CY/companies/philippou-law-firm-75071082,Philippou Law Firm Jobs in Cyprus,philippou_cy.json
facebook.com,Philippou,https://www.facebook.com/philippoulaw/?locale=de_DE,Philippou Law Firm | Paphos,philippou_de.json
haviarasphilippoullc.com,Philippou,https://www.haviarasphilippoullc.com/,Haviaras & Philippou - Advocates & Legal Consultants Cyprus ...,philippou_de.json
carierista.com,Philippou,https://www.carierista.com/en/partners/3534/philippou-law-firm,Philippou Law Firm,philippou_de.json
chambers.com,Patrikios,https://chambers.com/law-firm/patrikios-legal-global-2:138582,"Patrikios Legal, Global 2026",pres_chambers_com.json
chambers.com,Kyprianou,https://chambers.com/law-firm/michael-kyprianou-co-llc-global-2:246867,"Michael Kyprianou & Co. LLC, Global 2026",pres_chambers_com.json
chambers.com,Chrysostomides,https://chambers.com/department/chrysostomides-advocates-legal-consultants-general-business-law-dispute-resolution-europe-7:905:68:1:103311,General Business Law: Dispute Resolution | Chrysostomides ...,pres_chambers_com.json
practiceguides.chambers.com,Kyprianou,https://practiceguides.chambers.com/jurisdiction/cyprus,Cyprus - Global Practice Guides - Chambers,pres_chambers_com.json
chambers.com,Kyprianou,https://chambers.com/department/michael-kyprianou-co-llc-general-business-law-global-2:852:68:1:246867,General Business Law | Michael Kyprianou & Co. LLC,pres_chambers_com.json
chambers.com,Kyprianou,https://chambers.com/department/michael-kyprianou-co-llc-private-wealth-law-high-net-worth-21:2633:68:1:246867,Private Wealth Law | Michael Kyprianou & Co. LLC,pres_chambers_com.json
cy.usembassy.gov,Kyprianou,https://cy.usembassy.gov/business/,Business - Learn about bilateral investment and trade,pres_cy_usembassy_gov.json
cyprusbarassociation.org,Kyprianou,https://www.cyprusbarassociation.org/index.php/el/news/job-opportunities1/52744-michael-kyprianou-co-llc-litigation-lawyer-for-our-limassol-office,Michael Kyprianou & Co LLC - Litigation Lawyer for our ...,pres_cyprusbarassociation_org.json
cyprusbarassociation.org,Kyprianou,https://www.cyprusbarassociation.org/index.php/el/news/job-opportunities1/43785-1v,Michael Kyprianou & Co LLC – Trainee Lawyer for ...,pres_cyprusbarassociation_org.json
cyprusbarassociation.org,Kyprianou,https://www.cyprusbarassociation.org/index.php/el/news/job-opportunities1/51789-michael-kyprianou-law-firm-trainee-lawyer-for-our-limassol-office,Michael Kyprianou Law Firm - Trainee Lawyer for our ...,pres_cyprusbarassociation_org.json
cypruslaw.com,Kyprianou,https://www.cypruslaw.com/listings/name/michael-kyprianou-co-llc,Michael Kyprianou & Co. Llc | Free Listing - Cyprus Law,pres_cypruslaw_com.json
cypruslaw.com,Kyprianou,https://www.cypruslaw.com/listings/name/de/michael-kyprianou-co-llc,Michael Kyprianou & Co. Llc | Free Listing | DE - Cyprus Law,pres_cypruslaw_com.json
cypruslaw.com,Kyprianou,https://www.cypruslaw.com/michael-kyprianou,Michael Kyprianou - Cyprus Law,pres_cypruslaw_com.json
cypruslawyers.co.uk,Demetriades,https://www.cypruslawyers.co.uk/directory,Cyprus Lawyers Directory — Browse Law Firms & Advocates,pres_cypruslawyers_co_uk.json
cypruslawyers.co.uk,Demetriades,https://www.cypruslawyers.co.uk/practice-areas/corporate-company,Corporate & Company Lawyers in Cyprus,pres_cypruslawyers_co_uk.json
cypruslawyers.co.uk,Demetriades,https://www.cypruslawyers.co.uk/lawyers/paphos,"Lawyers in Paphos, Cyprus — Law Firms & Advocates",pres_cypruslawyers_co_uk.json
cypruslawyers.co.uk,Demetriades,https://www.cypruslawyers.co.uk/lawyers/limassol,"Lawyers in Limassol, Cyprus — Law Firms & Advocates",pres_cypruslawyers_co_uk.json
cypruslawyers.co.uk,Demetriades,https://www.cypruslawyers.co.uk/practice-areas/property-real-estate,Property & Real Estate Lawyers in Cyprus,pres_cypruslawyers_co_uk.json
cypruslawyers.co.uk,Demetriades,https://www.cypruslawyers.co.uk/,Cyprus Lawyers — Find Vetted Lawyers & Law Firms in Cyprus,pres_cypruslawyers_co_uk.json
cypruslawyers.co.uk,Demetriades,https://www.cypruslawyers.co.uk/practice-areas/immigration-residency,Immigration & Residency Lawyers in Cyprus,pres_cypruslawyers_co_uk.json
globallawexperts.com,Kyprianou,https://globallawexperts.com/michael-kyprianou-co-llc-has-established-an-office-in-dubai/,Michael Kyprianou & Co. LLC Has Established An Office In ...,pres_globallawexperts_com.json
globallawexperts.com,Konstantinou/GK,https://globallawexperts.com/how-to-apply-for-a-pink-slip-in-cyprus/,How To Apply For A Pink Slip In Cyprus,pres_globallawexperts_com.json
globallawexperts.com,Demetriades,https://globallawexperts.com/how-to-apply-for-a-pink-slip-in-cyprus/,How To Apply For A Pink Slip In Cyprus,pres_globallawexperts_com.json
globallawexperts.com,Kyprianou,https://globallawexperts.com/the-potentials-of-sports-law-and-the-essence-of-specialized-legal-advice/,The Potentials Of Sports Law And The Essence ...,pres_globallawexperts_com.json
globallawexperts.com,Kyprianou,https://globallawexperts.com/financial-leasing-law/,FINANCIAL LEASING LAW,pres_globallawexperts_com.json
globallawexperts.com,Chrysostomides,https://globallawexperts.com/settlement-vs-litigation-cyprus/,Settlement Vs Litigation Cyprus,pres_globallawexperts_com.json
globallawexperts.com,Kyprianou,https://globallawexperts.com/the-defective-products-law/,The Defective Products Law,pres_globallawexperts_com.json
globallawexperts.com,Kyprianou,https://globallawexperts.com/childrens-custody-and-relocation-abroad/,Children's Custody And Relocation Abroad,pres_globallawexperts_com.json
globallawexperts.com,Kyprianou,https://globallawexperts.com/international-arbitration-in-cyprus/,International Arbitration In Cyprus,pres_globallawexperts_com.json
globallawexperts.com,Kyprianou,https://globallawexperts.com/the-commonwealth-a-new-pathway/,The Commonwealth – A New Pathway?,pres_globallawexperts_com.json
globallawexperts.com,Philippou,https://globallawexperts.com/ubo-register-cyprus-deadline/,Ubo Register Cyprus Deadline,pres_globallawexperts_com.json
globallawexperts.com,Chrysostomides,https://globallawexperts.com/ubo-register-cyprus-deadline/,Ubo Register Cyprus Deadline,pres_globallawexperts_com.json
iclg.com,Demetriades,https://iclg.com/contributor/demetris-demetriades/,Demetris Demetriades | Andreas Demetriades & Co,pres_iclg_com.json
iflr.com,Patrikios,https://www.iflr.com/iflr1000/firms/clerides-anastassiou-neophytou-cyprus,Clerides Anastassiou Neophytou: Cyprus,pres_iflr_com.json
iflr.com,Kyprianou,https://www.iflr.com/iflr1000/firms/clerides-anastassiou-neophytou-cyprus,Clerides Anastassiou Neophytou: Cyprus,pres_iflr_com.json
internationaltaxreview.com,Neocleous,https://www.internationaltaxreview.com/itrworldtax/firms/chrysses-demetriades-co-cyprus,Chrysses Demetriades & Co: Cyprus | International Tax Review,pres_internationaltaxreview_com.json
internationaltaxreview.com,Chrysostomides,https://www.internationaltaxreview.com/itrworldtax/firms/chrysses-demetriades-co-cyprus,Chrysses Demetriades & Co: Cyprus | International Tax Review,pres_internationaltaxreview_com.json
internationaltaxreview.com,Neocleous,https://www.internationaltaxreview.com/itrworldtax/firms/c-savva-associates-cyprus,C Savva & Associates: Cyprus | International Tax Review,pres_internationaltaxreview_com.json
internationaltaxreview.com,Chrysostomides,https://www.internationaltaxreview.com/itrworldtax/firms/c-savva-associates-cyprus,C Savva & Associates: Cyprus | International Tax Review,pres_internationaltaxreview_com.json
internationaltaxreview.com,Neocleous,https://www.internationaltaxreview.com/itrworldtax/practitioners/elias-neocleous,Elias Neocleous - internationaltaxreview.com,pres_internationaltaxreview_com.json
internationaltaxreview.com,Neocleous,https://www.internationaltaxreview.com/article/2gq2poiivuype846e2ybf/itrworldtax/elias-neocleous-co-llc-has-advised-on-a-landmark-cross-border-financing-of-allwyn-exceeding-eur-2-billion-including-the-issuance-of-senior-secured-notes,Elias Neocleous & Co LLC has advised on a landmark cross ...,pres_internationaltaxreview_com.json
internationaltaxreview.com,Neocleous,https://www.internationaltaxreview.com/article/2gq2poiivuype846e2ybi/itrworldtax/elias-neocleous-co-llc-advises-on-pelagic-credit-plcs-usd-75-million-private-placement-and-listing-on-euronext-growth-oslo,Elias Neocleous & Co LLC advises on Pelagic Credit Plc’s USD ...,pres_internationaltaxreview_com.json
internationaltaxreview.com,Neocleous,https://www.internationaltaxreview.com/article/2gq2poiivuype846e1jrh/itrworldtax/elias-neocleous-co-llc-advises-on-cyprus-law-aspects-of-mhas-strategic-expansion-into-southeast-europe,Elias Neocleous & Co LLC advises on Cyprus law aspects of MHA ...,pres_internationaltaxreview_com.json
lawyersincyprus.com,Kyprianou,https://www.lawyersincyprus.com/establishment-of-a-branch-in-cyprus-bychristoforos-andreou-associate-of-michael-kyprianou-co-llc/,Establishment of a branch in Cyprus By:Christoforos ...,pres_lawyersincyprus_com.json
lawzana.com,Philippou,https://lawzana.com/lawyer/philippou-law-firm/paphos,"Philippou Law Firm - Legal services in Paphos, Cyprus",pres_lawzana_com.json
lawzana.com,Kyprianou,https://lawzana.com/lawyer/michael-kyprianou-law-firm,"Michael Kyprianou Law Firm - Legal services, offices and ...",pres_lawzana_com.json
lawzana.com,Patrikios,https://lawzana.com/lawyer/patrikios-legal,"Patrikios Legal - Legal services, offices and more",pres_lawzana_com.json
lawzana.com,Demetriades,https://lawzana.com/lawyer/andreas-demetriades-co-llc,"Andreas Demetriades & Co LLC - Legal services, offices ...",pres_lawzana_com.json
lawzana.com,Philippou,https://lawzana.com/lawyer/philippou-law-firm/paphos/polycarpos-philippou-32173,Founding Partner at Philippou Law Firm in Paphos,pres_lawzana_com.json
lawzana.com,Philippou,https://lawzana.com/lawyer/philippou-law-firm/paphos/gregoris-philippou-32175,Managing Partner at Philippou Law Firm in Paphos,pres_lawzana_com.json
lawzana.com,Kyprianou,https://lawzana.com/lawyer/michael-kyprianou-law-firm/birkirkara,"Michael Kyprianou Law Firm - Legal services in Birkirkara, ...",pres_lawzana_com.json
lawzana.com,Philippou,https://lawzana.com/lawyer/philippou-law-firm/paphos/sergios-charalambous-32177,Sergios Charalambous - Philippou Law Firm,pres_lawzana_com.json
legal500.com,Chrysostomides,https://www.legal500.com/firms/10318-chrysostomides-advocates-legal-consultants/global/lawyers,Chrysostomides Advocates & Legal Consultants > Global,pres_legal500_com.json
lexology.com,Kyprianou,https://www.lexology.com/firms/21648,Michael Kyprianou & Co LLC - Firms,pres_lexology_com.json
lexology.com,Kyprianou,https://www.lexology.com/firms/21648/lefteris_eleftheriou,Lefteris Eleftheriou - Michael Kyprianou & Co LLC - Experts,pres_lexology_com.json
mondaq.com,Kyprianou,https://www.mondaq.com/company/3798/michael-kyprianou-law-firm,Michael Kyprianou Law Firm Mondaq Profile,pres_mondaq_com.json
mondaq.com,Neocleous,https://www.mondaq.com/company/1078/elias-neocleous-co-llc,Elias Neocleous & Co LLC Mondaq Profile,pres_mondaq_com.json
mondaq.com,Kyprianou,https://www.mondaq.com/pressrelease/193240/the-legal-500-publication-recognises-the-in-depth-quality-of-michael-kyprianou-law-firm,Depth Quality Of Michael Kyprianou Law Firm.,pres_mondaq_com.json
mondaq.com,Patrikios,https://www.mondaq.com/pressrelease/188408/lawyer-promotions-at-patrikios-legal,Cyprus - Lawyer Promotions At Patrikios Legal,pres_mondaq_com.json
mondaq.com,Kyprianou,https://www.mondaq.com/author/2101548/michael-kyprianou-law-firm-leandros-constantinou,Leandros Constantinou from Michael Kyprianou Law Firm ...,pres_mondaq_com.json
mondaq.com,Kyprianou,https://www.mondaq.com/author/2773000/michael-kyprianou-law-firm-%CE%B1ndrea-karageorgi,Αndrea Karageorgi from Michael Kyprianou Law Firm ...,pres_mondaq_com.json
mondaq.com,Patrikios,https://www.mondaq.com/pressrelease/207960/patrikios-legal-to-attend-ir-global-mediterranean-meeting-in-verona,Patrikios Legal To Attend IR Global Mediterranean Meeting ...,pres_mondaq_com.json
practiceguides.chambers.com,Konstantinou/GK,https://practiceguides.chambers.com/author/details/23629680/U3RhbG8gS29uc3RhbnRpbm91,About Stalo Konstantinou - Global Practice Guides - Chambers,pres_practiceguides_chambers_com.json
practiceguides.chambers.com,Konstantinou/GK,https://practiceguides.chambers.com/practice-guides/real-estate-2026/cyprus/trends-and-developments,Real Estate 2026 - Cyprus | Global Practice Guides,pres_practiceguides_chambers_com.json
practiceguides.chambers.com,Kyprianou,https://practiceguides.chambers.com/practice-guides/corporate-governance-2026/cyprus,Corporate Governance 2026 - Cyprus | Global Practice Guides,pres_practiceguides_chambers_com.json
practiceguides.chambers.com,Patrikios,https://practiceguides.chambers.com/practice-guides/comparison/1066/18651/29144-29145-29146-29147-29148-29149-29150-29151-29152,Corporate Tax 2026 - Global Practice Guides - Chambers,pres_practiceguides_chambers_com.json
practiceguides.chambers.com,Kyprianou,https://practiceguides.chambers.com/practice-guides/dispute-resolution-2026/cyprus,Dispute Resolution 2026 - Cyprus - Global Practice Guides,pres_practiceguides_chambers_com.json
practiceguides.chambers.com,Kyprianou,https://practiceguides.chambers.com/author/details/0/TWVuZWxhb3MgS3lwcmlhbm91,About Menelaos Kyprianou,pres_practiceguides_chambers_com.json
practiceguides.chambers.com,Kyprianou,https://practiceguides.chambers.com/author/details/0/QW5kcmlhK0tvdWxvdW1p,About Andria Kouloumi - Global Practice Guides,pres_practiceguides_chambers_com.json
practiceguides.chambers.com,Kyprianou,https://practiceguides.chambers.com/author/details/0/QW5kcmVhcytMeXRyYXM,About Andreas Lytras - Global Practice Guides,pres_practiceguides_chambers_com.json
practiceguides.chambers.com,Konstantinou/GK,https://practiceguides.chambers.com/practice-guides/securitisation-2026/greece/trends-and-developments,Securitisation 2026 - Greece - Global Practice Guides,pres_practiceguides_chambers_com.json
cy.linkedin.com,Kalopetrides,https://cy.linkedin.com/in/savvas-kalopetrides-54877023a,Savvas Kalopetrides LLC Legal & Corporate Consultant,savvas_kalopetrides_cy.json
ioannoullc.com,Kalopetrides,https://ioannoullc.com/team-savvas.html,Savvas Kalopetrides,savvas_kalopetrides_cy.json
ergodotisi.com,Kalopetrides,https://ergodotisi.com/en-CY/companies/savvas-kalopetrides-llc-72531889,Savvas Kalopetrides LLC Jobs in Cyprus,savvas_kalopetrides_cy.json
cypruswork.com,Kalopetrides,https://www.cypruswork.com/company/65194/savvas-kalopetrides-llc/,Careers and Employment at SAVVAS KALOPETRIDES LLC,savvas_kalopetrides_cy.json
facebook.com,Kalopetrides,https://www.facebook.com/savvas.kalopetrides/,Savvas Kalopetrides,savvas_kalopetrides_cy.json
cy.linkedin.com,Kalopetrides,https://cy.linkedin.com/jobs/view/corporate-administrator-at-savvas-kalopetrides-llc-4294970942,Corporate Administrator - SAVVAS KALOPETRIDES LLC,savvas_kalopetrides_cy.json
