n,utc,nome,gl,hl,num,query,http,organici
1,2026-10-08T14:41:12Z,patrikios_cy,cy,en,20,"""Patrikios Legal""",200,9
2,2026-10-08T14:41:17Z,konstantinou_cy,cy,en,20,"""George K. Konstantinou""",200,9
3,2026-10-08T14:41:27Z,philippou_cy,cy,en,20,"""Philippou Law Firm""",200,7
4,2026-10-08T14:41:28Z,philippou_de,de,de,20,"""Philippou Law Firm""",200,10
5,2026-10-08T14:41:29Z,philippou_ru,ru,ru,20,"""Philippou Law Firm""",200,9
6,2026-10-08T14:41:30Z,neocleous_cy,cy,en,20,"""Elias Neocleous""",200,7
7,2026-10-08T14:41:31Z,chrysostomides_cy,cy,en,20,"""Chrysostomides & Co""",200,10
8,2026-10-08T14:41:32Z,demetriades_cy,cy,en,20,"""Andreas Demetriades & Co""",200,7
9,2026-10-08T14:41:33Z,kyprianou_cy,cy,en,20,"""Michael Kyprianou""",200,7
10,2026-10-08T14:41:34Z,connor_cy,cy,en,20,"""Connor Legal""",200,7
11,2026-10-08T14:41:35Z,kalopetrides_cy,cy,en,20,"""Kalopetrides""",200,10
12,2026-10-08T14:41:42Z,kalopetrideslaw_cy,cy,en,20,"""Kalopetrides Law""",200,8
13,2026-10-08T14:41:43Z,savvas_kalopetrides_cy,cy,en,20,"""Savvas Kalopetrides""",200,10
14,2026-10-08T14:46:24Z,kyprianou_expertises,cy,en,20,site:kyprianou.com/expertises cyprus,200,10
15,2026-10-08T14:49:55Z,chrysostomides_site,cy,en,20,site:chrysostomides.com,200,10
16,2026-10-08T14:49:56Z,kalopetrides_fonti,cy,en,20,Kalopetrides (site:legal500.com OR site:chambers.com OR site:lawzana.com OR site:cypruslawyers.co.uk OR site:cypruslaw.com.cy OR site:lawyer.com.cy OR site:globallawexperts.com OR site:iflr1000.com OR site:gov.cy OR site:lawyersincyprus.com OR site:mondaq.com OR site:cypruslaw.com OR site:legalhelpcy.com),200,10
17,2026-10-08T14:50:10Z,pres_legal500_com,cy,en,20,"site:legal500.com (""Philippou Law"" OR Patrikios OR Konstantinou OR Neocleous OR Chrysostomides OR ""Andreas Demetriades"" OR ""Michael Kyprianou"" OR ""Connor Legal"" OR Kalopetrides)",200,10
18,2026-10-08T14:50:15Z,pres_chambers_com,cy,en,20,"site:chambers.com (""Philippou Law"" OR Patrikios OR Konstantinou OR Neocleous OR Chrysostomides OR ""Andreas Demetriades"" OR ""Michael Kyprianou"" OR ""Connor Legal"" OR Kalopetrides)",200,10
19,2026-10-08T14:50:16Z,pres_practiceguides_chambers_com,cy,en,20,"site:practiceguides.chambers.com (""Philippou Law"" OR Patrikios OR Konstantinou OR Neocleous OR Chrysostomides OR ""Andreas Demetriades"" OR ""Michael Kyprianou"" OR ""Connor Legal"" OR Kalopetrides)",200,10
20,2026-10-08T14:50:18Z,pres_lawzana_com,cy,en,20,"site:lawzana.com (""Philippou Law"" OR Patrikios OR Konstantinou OR Neocleous OR Chrysostomides OR ""Andreas Demetriades"" OR ""Michael Kyprianou"" OR ""Connor Legal"" OR Kalopetrides)",200,10
21,2026-10-08T14:50:19Z,pres_cypruslawyers_co_uk,cy,en,20,"site:cypruslawyers.co.uk (""Philippou Law"" OR Patrikios OR Konstantinou OR Neocleous OR Chrysostomides OR ""Andreas Demetriades"" OR ""Michael Kyprianou"" OR ""Connor Legal"" OR Kalopetrides)",200,7
22,2026-10-08T14:50:23Z,pres_cypruslaw_com_cy,cy,en,20,"site:cypruslaw.com.cy (""Philippou Law"" OR Patrikios OR Konstantinou OR Neocleous OR Chrysostomides OR ""Andreas Demetriades"" OR ""Michael Kyprianou"" OR ""Connor Legal"" OR Kalopetrides)",200,0
23,2026-10-08T14:50:29Z,pres_lawyer_com_cy,cy,en,20,"site:lawyer.com.cy (""Philippou Law"" OR Patrikios OR Konstantinou OR Neocleous OR Chrysostomides OR ""Andreas Demetriades"" OR ""Michael Kyprianou"" OR ""Connor Legal"" OR Kalopetrides)",200,3
24,2026-10-08T14:50:31Z,pres_globallawexperts_com,cy,en,20,"site:globallawexperts.com (""Philippou Law"" OR Patrikios OR Konstantinou OR Neocleous OR Chrysostomides OR ""Andreas Demetriades"" OR ""Michael Kyprianou"" OR ""Connor Legal"" OR Kalopetrides)",200,10
25,2026-10-08T14:50:33Z,pres_iflr_com,cy,en,20,"site:iflr.com (""Philippou Law"" OR Patrikios OR Konstantinou OR Neocleous OR Chrysostomides OR ""Andreas Demetriades"" OR ""Michael Kyprianou"" OR ""Connor Legal"" OR Kalopetrides)",200,2
26,2026-10-08T14:50:36Z,pres_gov_cy,cy,en,20,"site:gov.cy (""Philippou Law"" OR Patrikios OR Konstantinou OR Neocleous OR Chrysostomides OR ""Andreas Demetriades"" OR ""Michael Kyprianou"" OR ""Connor Legal"" OR Kalopetrides)",200,0
27,2026-10-08T14:50:38Z,pres_lawyersincyprus_com,cy,en,20,"site:lawyersincyprus.com (""Philippou Law"" OR Patrikios OR Konstantinou OR Neocleous OR Chrysostomides OR ""Andreas Demetriades"" OR ""Michael Kyprianou"" OR ""Connor Legal"" OR Kalopetrides)",200,2
28,2026-10-08T14:50:40Z,pres_mondaq_com,cy,en,20,"site:mondaq.com (""Philippou Law"" OR Patrikios OR Konstantinou OR Neocleous OR Chrysostomides OR ""Andreas Demetriades"" OR ""Michael Kyprianou"" OR ""Connor Legal"" OR Kalopetrides)",200,10
29,2026-10-08T14:50:42Z,pres_cypruslaw_com,cy,en,20,"site:cypruslaw.com (""Philippou Law"" OR Patrikios OR Konstantinou OR Neocleous OR Chrysostomides OR ""Andreas Demetriades"" OR ""Michael Kyprianou"" OR ""Connor Legal"" OR Kalopetrides)",200,4
30,2026-10-08T14:50:43Z,pres_legalhelpcy_com,cy,en,20,"site:legalhelpcy.com (""Philippou Law"" OR Patrikios OR Konstantinou OR Neocleous OR Chrysostomides OR ""Andreas Demetriades"" OR ""Michael Kyprianou"" OR ""Connor Legal"" OR Kalopetrides)",200,0
31,2026-10-08T14:50:45Z,pres_cyprusbarassociation_org,cy,en,20,"site:cyprusbarassociation.org (""Philippou Law"" OR Patrikios OR Konstantinou OR Neocleous OR Chrysostomides OR ""Andreas Demetriades"" OR ""Michael Kyprianou"" OR ""Connor Legal"" OR Kalopetrides)",200,4
32,2026-10-08T14:50:47Z,pres_cy_usembassy_gov,cy,en,20,"site:cy.usembassy.gov (""Philippou Law"" OR Patrikios OR Konstantinou OR Neocleous OR Chrysostomides OR ""Andreas Demetriades"" OR ""Michael Kyprianou"" OR ""Connor Legal"" OR Kalopetrides)",200,2
33,2026-10-08T14:50:50Z,pres_lexology_com,cy,en,20,"site:lexology.com (""Philippou Law"" OR Patrikios OR Konstantinou OR Neocleous OR Chrysostomides OR ""Andreas Demetriades"" OR ""Michael Kyprianou"" OR ""Connor Legal"" OR Kalopetrides)",200,2
34,2026-10-08T14:50:52Z,pres_iclg_com,cy,en,20,"site:iclg.com (""Philippou Law"" OR Patrikios OR Konstantinou OR Neocleous OR Chrysostomides OR ""Andreas Demetriades"" OR ""Michael Kyprianou"" OR ""Connor Legal"" OR Kalopetrides)",200,2
35,2026-10-08T14:50:55Z,pres_internationaltaxreview_com,cy,en,20,"site:internationaltaxreview.com (""Philippou Law"" OR Patrikios OR Konstantinou OR Neocleous OR Chrysostomides OR ""Andreas Demetriades"" OR ""Michael Kyprianou"" OR ""Connor Legal"" OR Kalopetrides)",200,7
36,2026-10-08T14:51:08Z,pf_philippou,cy,en,20,"""Philippou Law"" (site:legal500.com OR site:chambers.com OR site:lawzana.com OR site:cypruslawyers.co.uk OR site:globallawexperts.com OR site:iflr.com OR site:lawyersincyprus.com OR site:mondaq.com OR site:cypruslaw.com OR site:legalhelpcy.com OR site:lexology.com OR site:cyprusbarassociation.org OR site:cy.usembassy.gov)",200,10
37,2026-10-08T14:51:09Z,pf_patrikios,cy,en,20,"""Patrikios"" (site:legal500.com OR site:chambers.com OR site:lawzana.com OR site:cypruslawyers.co.uk OR site:globallawexperts.com OR site:iflr.com OR site:lawyersincyprus.com OR site:mondaq.com OR site:cypruslaw.com OR site:legalhelpcy.com OR site:lexology.com OR site:cyprusbarassociation.org OR site:cy.usembassy.gov)",200,10
38,2026-10-08T14:51:10Z,pf_gk,cy,en,20,"""Konstantinou"" law (site:legal500.com OR site:chambers.com OR site:lawzana.com OR site:cypruslawyers.co.uk OR site:globallawexperts.com OR site:iflr.com OR site:lawyersincyprus.com OR site:mondaq.com OR site:cypruslaw.com OR site:legalhelpcy.com OR site:lexology.com OR site:cyprusbarassociation.org OR site:cy.usembassy.gov)",200,10
39,2026-10-08T14:51:12Z,pf_neocleous,cy,en,20,"""Elias Neocleous"" (site:legal500.com OR site:chambers.com OR site:lawzana.com OR site:cypruslawyers.co.uk OR site:globallawexperts.com OR site:iflr.com OR site:lawyersincyprus.com OR site:mondaq.com OR site:cypruslaw.com OR site:legalhelpcy.com OR site:lexology.com OR site:cyprusbarassociation.org OR site:cy.usembassy.gov)",200,10
40,2026-10-08T14:51:13Z,pf_chrysostomides,cy,en,20,"""Chrysostomides"" (site:legal500.com OR site:chambers.com OR site:lawzana.com OR site:cypruslawyers.co.uk OR site:globallawexperts.com OR site:iflr.com OR site:lawyersincyprus.com OR site:mondaq.com OR site:cypruslaw.com OR site:legalhelpcy.com OR site:lexology.com OR site:cyprusbarassociation.org OR site:cy.usembassy.gov)",200,10
41,2026-10-08T14:51:14Z,pf_demetriades,cy,en,20,"""Andreas Demetriades"" (site:legal500.com OR site:chambers.com OR site:lawzana.com OR site:cypruslawyers.co.uk OR site:globallawexperts.com OR site:iflr.com OR site:lawyersincyprus.com OR site:mondaq.com OR site:cypruslaw.com OR site:legalhelpcy.com OR site:lexology.com OR site:cyprusbarassociation.org OR site:cy.usembassy.gov)",200,10
42,2026-10-08T14:51:16Z,pf_kyprianou,cy,en,20,"""Michael Kyprianou"" (site:legal500.com OR site:chambers.com OR site:lawzana.com OR site:cypruslawyers.co.uk OR site:globallawexperts.com OR site:iflr.com OR site:lawyersincyprus.com OR site:mondaq.com OR site:cypruslaw.com OR site:legalhelpcy.com OR site:lexology.com OR site:cyprusbarassociation.org OR site:cy.usembassy.gov)",200,10
43,2026-10-08T14:51:18Z,pf_connor,cy,en,20,"""Connor Legal"" OR ""N. Connor"" (site:legal500.com OR site:chambers.com OR site:lawzana.com OR site:cypruslawyers.co.uk OR site:globallawexperts.com OR site:iflr.com OR site:lawyersincyprus.com OR site:mondaq.com OR site:cypruslaw.com OR site:legalhelpcy.com OR site:lexology.com OR site:cyprusbarassociation.org OR site:cy.usembassy.gov)",200,10
44,2026-10-08T14:54:05Z,gap_chambers,cy,en,20,"site:chambers.com (""Philippou Law"" OR Konstantinou OR ""Andreas Demetriades"" OR ""Connor Legal"" OR ""N. Connor"" OR Kalopetrides)",200,0
45,2026-10-08T14:54:06Z,gap_lawzana,cy,en,20,site:lawzana.com (Konstantinou OR Neocleous OR Chrysostomides),200,10
46,2026-10-08T14:54:07Z,gap_mondaq,cy,en,20,"site:mondaq.com (""Konstantinou"" OR ""Andreas Demetriades"" OR ""Connor Legal"" OR Kalopetrides)",200,9
47,2026-10-08T14:54:13Z,gap_lexology,cy,en,20,"site:lexology.com (""Philippou Law"" OR Patrikios OR Konstantinou OR Chrysostomides OR ""Andreas Demetriades"" OR ""Connor Legal"" OR Kalopetrides)",200,7
48,2026-10-08T14:54:14Z,gap_usembassy,cy,en,20,"site:cy.usembassy.gov (""Philippou"" OR Patrikios OR ""Demetriades"" OR Kalopetrides)",200,4
49,2026-10-08T14:54:15Z,gap_lawyersincyprus,cy,en,20,"site:lawyersincyprus.com (Patrikios OR Neocleous OR ""Andreas Demetriades"" OR Kalopetrides)",200,0
50,2026-10-08T14:54:17Z,gap_cypruslaw,cy,en,20,"site:cypruslaw.com (""Philippou"" OR Neocleous OR Kalopetrides)",200,0
51,2026-10-08T14:54:18Z,gap_gle,cy,en,20,site:globallawexperts.com/lawyer Cyprus,200,4
52,2026-10-08T14:54:19Z,gap_legal500,cy,en,20,"site:legal500.com (""Connor Legal"" OR ""N. Connor"" OR Kalopetrides)",200,0
53,2026-10-08T14:55:14Z,press_philippou,cy,en,20,"""Philippou"" Cyprus lawyer (site:telegraph.co.uk OR site:dailymail.co.uk OR site:finance.yahoo.com OR site:expatnetwork.com)",200,7
54,2026-10-08T14:55:15Z,press_cy,cy,en,20,"(site:cyprus-mail.com OR site:in-cyprus.philenews.com OR site:financialmirror.com OR site:stockwatch.com.cy) (""Philippou Law"" OR Patrikios OR ""George K. Konstantinou"" OR ""Elias Neocleous"" OR Chrysostomides OR ""Andreas Demetriades"" OR ""Michael Kyprianou"" OR ""Connor Legal"" OR Kalopetrides)",200,10
