url,status,bytes,title,canonical,robots_meta,x_robots_tag,sg_captcha,user_agent,file,round
https://kalopetrideslaw.com/,202,168,,,,noindex,challenge,browser,https_kalopetrideslaw_com__browser__r1.txt,1
https://kalopetrideslaw.com/privacy-policy.html,202,188,,,,noindex,challenge,browser,https_kalopetrideslaw_com_privacy_policy_html__browser__r1.txt,1
https://kalopetrideslaw.com/,202,169,,,,noindex,challenge,googlebot,https_kalopetrideslaw_com__googlebot__r1.txt,1
https://kalopetrideslaw.com/privacy-policy.html,202,187,,,,noindex,challenge,googlebot,https_kalopetrideslaw_com_privacy_policy_html__googlebot__r1.txt,1
https://kalopetrideslaw.com/,202,169,,,,noindex,challenge,bingbot,https_kalopetrideslaw_com__bingbot__r1.txt,1
https://kalopetrideslaw.com/privacy-policy.html,202,188,,,,noindex,challenge,bingbot,https_kalopetrideslaw_com_privacy_policy_html__bingbot__r1.txt,1
https://kalopetrideslaw.com/,202,169,,,,noindex,challenge,gptbot,https_kalopetrideslaw_com__gptbot__r1.txt,1
https://kalopetrideslaw.com/privacy-policy.html,202,188,,,,noindex,challenge,gptbot,https_kalopetrideslaw_com_privacy_policy_html__gptbot__r1.txt,1
https://kalopetrideslaw.com/,202,168,,,,noindex,challenge,claudebot,https_kalopetrideslaw_com__claudebot__r1.txt,1
https://kalopetrideslaw.com/privacy-policy.html,202,188,,,,noindex,challenge,claudebot,https_kalopetrideslaw_com_privacy_policy_html__claudebot__r1.txt,1
https://kalopetrideslaw.com/,202,169,,,,noindex,challenge,perplexitybot,https_kalopetrideslaw_com__perplexitybot__r1.txt,1
https://kalopetrideslaw.com/privacy-policy.html,202,188,,,,noindex,challenge,perplexitybot,https_kalopetrideslaw_com_privacy_policy_html__perplexitybot__r1.txt,1
https://kalopetrideslaw.com/,202,169,,,,noindex,challenge,oai-searchbot,https_kalopetrideslaw_com__oai-searchbot__r1.txt,1
https://kalopetrideslaw.com/privacy-policy.html,202,187,,,,noindex,challenge,oai-searchbot,https_kalopetrideslaw_com_privacy_policy_html__oai-searchbot__r1.txt,1
https://kalopetrideslaw.com/,202,169,,,,noindex,challenge,google-extended,https_kalopetrideslaw_com__google-extended__r1.txt,1
https://kalopetrideslaw.com/privacy-policy.html,202,188,,,,noindex,challenge,google-extended,https_kalopetrideslaw_com_privacy_policy_html__google-extended__r1.txt,1
https://kalopetrideslaw.com/,202,169,,,,noindex,challenge,ccbot,https_kalopetrideslaw_com__ccbot__r1.txt,1
https://kalopetrideslaw.com/privacy-policy.html,202,187,,,,noindex,challenge,ccbot,https_kalopetrideslaw_com_privacy_policy_html__ccbot__r1.txt,1
https://kalopetrideslaw.com/,202,169,,,,noindex,challenge,browser,https_kalopetrideslaw_com__browser__r2.txt,2
https://kalopetrideslaw.com/privacy-policy.html,202,188,,,,noindex,challenge,browser,https_kalopetrideslaw_com_privacy_policy_html__browser__r2.txt,2
https://kalopetrideslaw.com/,202,169,,,,noindex,challenge,googlebot,https_kalopetrideslaw_com__googlebot__r2.txt,2
https://kalopetrideslaw.com/privacy-policy.html,202,188,,,,noindex,challenge,googlebot,https_kalopetrideslaw_com_privacy_policy_html__googlebot__r2.txt,2
https://kalopetrideslaw.com/,202,169,,,,noindex,challenge,bingbot,https_kalopetrideslaw_com__bingbot__r2.txt,2
https://kalopetrideslaw.com/privacy-policy.html,202,188,,,,noindex,challenge,bingbot,https_kalopetrideslaw_com_privacy_policy_html__bingbot__r2.txt,2
https://kalopetrideslaw.com/,202,168,,,,noindex,challenge,gptbot,https_kalopetrideslaw_com__gptbot__r2.txt,2
https://kalopetrideslaw.com/privacy-policy.html,202,188,,,,noindex,challenge,gptbot,https_kalopetrideslaw_com_privacy_policy_html__gptbot__r2.txt,2
https://kalopetrideslaw.com/,202,169,,,,noindex,challenge,claudebot,https_kalopetrideslaw_com__claudebot__r2.txt,2
https://kalopetrideslaw.com/privacy-policy.html,202,188,,,,noindex,challenge,claudebot,https_kalopetrideslaw_com_privacy_policy_html__claudebot__r2.txt,2
https://kalopetrideslaw.com/,202,168,,,,noindex,challenge,perplexitybot,https_kalopetrideslaw_com__perplexitybot__r2.txt,2
https://kalopetrideslaw.com/privacy-policy.html,202,187,,,,noindex,challenge,perplexitybot,https_kalopetrideslaw_com_privacy_policy_html__perplexitybot__r2.txt,2
https://kalopetrideslaw.com/,202,169,,,,noindex,challenge,oai-searchbot,https_kalopetrideslaw_com__oai-searchbot__r2.txt,2
https://kalopetrideslaw.com/privacy-policy.html,202,188,,,,noindex,challenge,oai-searchbot,https_kalopetrideslaw_com_privacy_policy_html__oai-searchbot__r2.txt,2
https://kalopetrideslaw.com/,202,169,,,,noindex,challenge,google-extended,https_kalopetrideslaw_com__google-extended__r2.txt,2
https://kalopetrideslaw.com/privacy-policy.html,202,188,,,,noindex,challenge,google-extended,https_kalopetrideslaw_com_privacy_policy_html__google-extended__r2.txt,2
https://kalopetrideslaw.com/,202,169,,,,noindex,challenge,ccbot,https_kalopetrideslaw_com__ccbot__r2.txt,2
https://kalopetrideslaw.com/privacy-policy.html,202,187,,,,noindex,challenge,ccbot,https_kalopetrideslaw_com_privacy_policy_html__ccbot__r2.txt,2
https://kalopetrideslaw.com/,202,169,,,,noindex,challenge,browser,https_kalopetrideslaw_com__browser__r3.txt,3
https://kalopetrideslaw.com/privacy-policy.html,202,188,,,,noindex,challenge,browser,https_kalopetrideslaw_com_privacy_policy_html__browser__r3.txt,3
https://kalopetrideslaw.com/,202,169,,,,noindex,challenge,googlebot,https_kalopetrideslaw_com__googlebot__r3.txt,3
https://kalopetrideslaw.com/privacy-policy.html,202,188,,,,noindex,challenge,googlebot,https_kalopetrideslaw_com_privacy_policy_html__googlebot__r3.txt,3
https://kalopetrideslaw.com/,202,169,,,,noindex,challenge,bingbot,https_kalopetrideslaw_com__bingbot__r3.txt,3
https://kalopetrideslaw.com/privacy-policy.html,202,187,,,,noindex,challenge,bingbot,https_kalopetrideslaw_com_privacy_policy_html__bingbot__r3.txt,3
https://kalopetrideslaw.com/,202,169,,,,noindex,challenge,gptbot,https_kalopetrideslaw_com__gptbot__r3.txt,3
https://kalopetrideslaw.com/privacy-policy.html,202,188,,,,noindex,challenge,gptbot,https_kalopetrideslaw_com_privacy_policy_html__gptbot__r3.txt,3
https://kalopetrideslaw.com/,202,168,,,,noindex,challenge,claudebot,https_kalopetrideslaw_com__claudebot__r3.txt,3
https://kalopetrideslaw.com/privacy-policy.html,202,188,,,,noindex,challenge,claudebot,https_kalopetrideslaw_com_privacy_policy_html__claudebot__r3.txt,3
https://kalopetrideslaw.com/,202,169,,,,noindex,challenge,perplexitybot,https_kalopetrideslaw_com__perplexitybot__r3.txt,3
https://kalopetrideslaw.com/privacy-policy.html,202,188,,,,noindex,challenge,perplexitybot,https_kalopetrideslaw_com_privacy_policy_html__perplexitybot__r3.txt,3
https://kalopetrideslaw.com/,202,169,,,,noindex,challenge,oai-searchbot,https_kalopetrideslaw_com__oai-searchbot__r3.txt,3
https://kalopetrideslaw.com/privacy-policy.html,202,187,,,,noindex,challenge,oai-searchbot,https_kalopetrideslaw_com_privacy_policy_html__oai-searchbot__r3.txt,3
https://kalopetrideslaw.com/,202,169,,,,noindex,challenge,google-extended,https_kalopetrideslaw_com__google-extended__r3.txt,3
https://kalopetrideslaw.com/privacy-policy.html,202,188,,,,noindex,challenge,google-extended,https_kalopetrideslaw_com_privacy_policy_html__google-extended__r3.txt,3
https://kalopetrideslaw.com/,202,169,,,,noindex,challenge,ccbot,https_kalopetrideslaw_com__ccbot__r3.txt,3
https://kalopetrideslaw.com/privacy-policy.html,202,188,,,,noindex,challenge,ccbot,https_kalopetrideslaw_com_privacy_policy_html__ccbot__r3.txt,3
